case,threads,repeat,total_runtime_s,initialize_s,gravity_s,particle_contacts_s,wall_contacts_s,integration_s,output_s
part10_n200,1,1,1.9440461000158393E-002,1.0440799997013528E-004,1.0593800061542424E-004,1.8236602003980806E-002,3.1760599767949316E-004,6.4501299993935390E-004,0.0000000000000000
part10_n200,1,2,2.2297662999790191E-002,1.7238999998880900E-004,1.1949400322919246E-004,2.0838147005179053E-002,3.6791699858440552E-004,7.6394600000639912E-004,0.0000000000000000
part10_n200,1,3,2.1697343000141700E-002,1.2167800014140084E-004,1.1199100117664784E-004,2.0337195001957298E-002,3.4585799630804104E-004,7.4260299834350008E-004,0.0000000000000000
part10_n200,1,4,3.7441738999859808E-002,1.5233999829433742E-004,2.0606600082828663E-004,3.5289307001221459E-002,8.1281999609927880E-004,9.3522699762615957E-004,0.0000000000000000
part10_n200,1,5,3.7056211999697553E-002,1.8111899998984882E-004,1.5775300335008069E-004,3.5001564000594954E-002,5.5344899828924099E-004,1.1133340044580109E-003,0.0000000000000000
part10_n200,6,1,1.6388518999974622E-002,1.4696799871671828E-004,9.1993800378986634E-004,1.3489802001458884E-002,7.9688699815960717E-004,9.8192499717697501E-004,0.0000000000000000
part10_n200,6,2,1.4017197000157466E-002,1.2648599931708304E-004,8.0668099644753966E-004,1.1821999999028776E-002,4.1008200014402973E-004,8.0903600337478565E-004,0.0000000000000000
part10_n200,6,3,1.2009251000108634E-002,1.0269299900755868E-004,7.7420399975380860E-004,9.9419059979481972E-003,3.9235400299730827E-004,7.6462399920274038E-004,0.0000000000000000
part10_n200,6,4,1.5254390000336571E-002,1.4079599714023061E-004,9.0041999965251307E-004,1.2717680999685399E-002,5.3855500618738006E-004,9.1110900530111394E-004,0.0000000000000000
part10_n200,6,5,1.5353541999957088E-002,1.4948999887565151E-004,8.3502399911594694E-004,1.2846101995364734E-002,5.6528700042690616E-004,9.1347700026744860E-004,0.0000000000000000
part10_n200,8,1,1.9759473999783950E-002,1.5176199940469814E-004,1.8056330013678235E-003,1.3616374003959208E-002,1.8243399995299114E-003,2.3104410033738532E-003,0.0000000000000000
part10_n200,8,2,2.4336085999948409E-002,1.9325300081618479E-004,9.1850280000471685E-003,1.2905526002214174E-002,8.3363100384303834E-004,1.1798019986599684E-003,0.0000000000000000
part10_n200,8,3,3.0849701000079222E-002,1.8425600273985765E-004,5.6366509975305235E-003,1.9605266001235577E-002,2.2472540013040998E-003,3.0738100012968061E-003,0.0000000000000000
part10_n200,8,4,2.6336053999784781E-002,1.7304899802184082E-004,1.2063680001119792E-003,1.8501940998703503E-002,2.0060699998794007E-003,4.4070860035390069E-003,0.0000000000000000
part10_n200,8,5,2.4236730999746214E-002,1.4564199818778434E-004,3.8477239968415233E-003,1.5199239000139642E-002,3.4879489994636970E-003,1.5084879996720701E-003,0.0000000000000000
part10_n1000,1,1,0.27157394400001067,8.0859800118560088E-004,2.1288399921104428E-004,0.26776769799835165,1.0412999999971362E-003,1.6911060024540348E-003,0.0000000000000000
part10_n1000,1,2,0.33770568199997797,7.0456000321428291E-004,1.8536699917603983E-004,0.33323449899535262,1.5340019981522346E-003,1.9806090053862135E-003,0.0000000000000000
part10_n1000,1,3,0.27340183400019669,6.7890400032410980E-004,1.5367499918284011E-004,0.26988630599907992,8.7390199996661977E-004,1.7688320008346636E-003,0.0000000000000000
part10_n1000,1,4,0.21672895200026687,8.3213500238343840E-004,1.3440300017464324E-004,0.21370984899976975,7.0618100016872631E-004,1.3177949986129533E-003,0.0000000000000000
part10_n1000,1,5,0.22357207699997161,7.9963200232668896E-004,1.2199999446238508E-004,0.22058007299938254,6.5523399916855851E-004,1.3916659995629743E-003,0.0000000000000000
part10_n1000,6,1,0.10531838700035223,7.4108199896727456E-004,8.0212500188281410E-004,0.10264729000209627,3.6384000077305245E-004,7.3359399948458304E-004,0.0000000000000000
part10_n1000,6,2,0.12111475499978042,7.4224299851266551E-004,6.3942900032998296E-004,0.11865128300041761,4.0508899746782845E-004,6.4867799983403529E-004,0.0000000000000000
part10_n1000,6,3,0.10287280600005033,7.0687799825464026E-004,6.2970600038170232E-004,0.10041253200142819,3.5438900022199959E-004,7.4012900176967378E-004,0.0000000000000000
part10_n1000,6,4,0.11183987499998693,8.1110100018122466E-004,7.5416699974084622E-004,0.10908095000195317,3.8171099868122838E-004,7.8255999824250466E-004,0.0000000000000000
part10_n1000,6,5,0.10910078400002021,6.4684200424380833E-004,7.1728899683876080E-004,0.10647147899953779,3.8289099757093936E-004,8.4437099803835736E-004,0.0000000000000000
part10_n1000,8,1,0.11470128700011628,8.6373499971159617E-004,9.6665600176493172E-004,0.11158896099959748,4.3468400053825462E-004,8.1612899975880282E-004,0.0000000000000000
part10_n1000,8,2,0.10870796100016378,8.3354699972915114E-004,8.1422300036138040E-004,0.10581857600163858,4.4430899833969306E-004,7.7284799863264197E-004,0.0000000000000000
part10_n1000,8,3,0.11319824299971515,7.6570000328501919E-004,1.0590979977678217E-003,0.10988277000205926,4.6889600116628571E-004,9.9315400120758568E-004,0.0000000000000000
part10_n1000,8,4,0.11011222099978113,6.9792900103493594E-004,1.7043999973793689E-003,0.10646218200008661,4.3796100180770736E-004,7.7979699835850624E-004,0.0000000000000000
part10_n1000,8,5,0.12235851700006606,7.9204100075003225E-004,1.6515650017936423E-003,0.11726019499883478,7.2309300094275386E-004,1.8904580033449747E-003,0.0000000000000000
part10_n5000,1,1,1.0739863989997502,6.5274400003545452E-004,1.1982800106125069E-004,1.0712874280002325,6.5127499874506611E-004,1.2600339991877263E-003,0.0000000000000000
part10_n5000,1,2,1.0416235289999349,6.3541500048813759E-004,1.2779599956047605E-004,1.0388945649997368,6.1583500109918532E-004,1.3202780000938219E-003,0.0000000000000000
part10_n5000,1,3,1.1955390160001116,6.5637600027912413E-004,2.4756499942668597E-004,1.1923844319990167,7.8944799952296307E-004,1.4446029995269782E-003,0.0000000000000000
part10_n5000,1,4,1.5586980889997903,7.4812899902099161E-004,1.2861500181315932E-004,1.5550002960003440,1.0729600003287487E-003,1.7262180008401629E-003,0.0000000000000000
part10_n5000,1,5,1.3571183049998581,6.8770699954256997E-004,1.0933099838439375E-004,1.3539868480006589,8.3132000054320088E-004,1.4847730003566539E-003,0.0000000000000000
part10_n5000,6,1,0.73810114599973531,8.3888299786849529E-004,6.2950000165074016E-004,0.73402408800029662,1.8633939994288085E-003,7.2814800023479620E-004,0.0000000000000000
part10_n5000,6,2,0.66695718799974202,6.4203100100712618E-004,9.0564499896572670E-004,0.66376256899957298,1.0096199998770317E-003,6.2133400160746532E-004,0.0000000000000000
part10_n5000,6,3,0.67494330699992133,6.5616299934845301E-004,4.8807899929670384E-004,0.67268324399947232,3.9683700015302747E-004,7.0404899952336564E-004,0.0000000000000000
part10_n5000,6,4,0.67966824899986023,8.0323100155510474E-004,5.8246500020686653E-004,0.64157032299954153,2.2079931000007491E-002,1.4614982999319182E-002,0.0000000000000000
part10_n5000,6,5,0.67631919700033905,6.3700200053062872E-004,6.0741400011465885E-004,0.67385704399657698,3.9762799860909581E-004,7.9742700108909048E-004,0.0000000000000000
part10_n5000,8,1,0.78222433799965074,6.7986200019731768E-004,5.1067799990960339E-003,0.73341873699973803,2.6883415998781857E-002,1.6109853001125884E-002,0.0000000000000000
part10_n5000,8,2,0.57504730799973913,7.6670199950967799E-004,2.1400720002020535E-003,0.57022134699900562,5.8417600030225003E-004,1.3162240002202452E-003,0.0000000000000000
part10_n5000,8,3,0.68966016600006697,6.0841899994557025E-004,2.9492859980564390E-003,0.67445371400026488,6.2245819995041529E-003,5.4013899994060921E-003,0.0000000000000000
part10_n5000,8,4,1.0823284819998662,6.1023499938528403E-004,4.8034279000148672E-002,0.87991504999945391,6.0146026999063906E-002,9.3591168999864749E-002,0.0000000000000000
part10_n5000,8,5,0.81296107900016068,8.3548700240498874E-004,3.3534560006955871E-003,0.76798219499869447,1.0901405000822706E-002,2.9752661998827534E-002,0.0000000000000000
